id;name;url;file_size;content_type;uploaded_at
1;waltz;https://neighboring-accountability.org;7195;glass;2025-08-11T02:10:04
2;gah yuck;https://back-jury.biz/;17491;vet scoop;2025-08-10T23:33:10
3;stormy bashfully;https://sparkling-hydrolyse.info;17048;camouflage hoarse hubris;2025-08-11T01:49:58
4;what bandwidth;https://super-gloom.com;23054;per stupendous;2025-08-11T02:41:13
5;hose tame part;https://fussy-import.net;22472;vista amidst not;2025-08-10T23:06:26
6;over circa;https://peppery-coordination.info;22006;after;2025-08-11T00:47:35
7;oof powerful ad;https://foolish-chairperson.info/;23326;so amongst;2025-08-10T23:03:10
8;unto;https://amused-reach.biz/;21834;as pinstripe;2025-08-10T21:28:04
9;remorseful kissingly wisely;https://leading-exploration.biz;860;display;2025-08-10T21:13:10
10;pave;https://rubbery-wedding.com/;24470;even;2025-08-10T14:40:14
